phone_id,phone_type,area_code,contact_id,number
1,Cell-Phone,732,1,3927165
2,Work,575,1,7806421
3,Cell-Phone,907,2,9133698
4,Home,441,2,5572835
5,Work,526,2,6913663
6,Cell-Phone,637,3,7153867
7,Home,998,3,2394082
8,Work,470,3,3477202
9,Cell-Phone,359,4,7471907
10,Cell-Phone,543,5,7100843
11,Home,317,5,7560975
12,Work,672,5,6435210
13,Cell-Phone,227,6,9922900
14,Work,935,6,2214565
15,Cell-Phone,181,7,7819784
16,Cell-Phone,871,8,7917851
17,Work,420,8,9028960
18,Cell-Phone,933,9,2577616
19,Work,536,9,5968574
20,Cell-Phone,747,10,3034705
21,Home,449,10,9717759
22,Work,405,10,7466553
23,Cell-Phone,423,11,2570444
24,Home,790,11,8324539
25,Cell-Phone,537,12,9873004
26,Home,812,12,6712569
27,Work,974,12,3988066
28,Cell-Phone,994,13,1895386
29,Cell-Phone,223,14,7467737
30,Home,454,14,7308259
31,Cell-Phone,769,15,7409664
32,Work,944,15,1466149
33,Cell-Phone,275,16,4775499
34,Home,629,16,4384169
35,Work,100,16,7183343
36,Cell-Phone,272,17,3674116
37,Home,804,17,2096009
38,Cell-Phone,770,18,2825502
39,Work,725,18,1357813
40,Cell-Phone,131,19,1556846
41,Work,373,19,8296128
42,Cell-Phone,452,20,9672050
43,Work,205,20,8677790
44,Cell-Phone,310,21,5171998
45,Work,136,21,2099292
46,Cell-Phone,905,22,4420240
47,Home,130,22,4938381
48,Work,732,22,7358158
49,Cell-Phone,886,23,7021908
50,Home,234,23,7823406
51,Cell-Phone,562,24,6171312
52,Home,387,24,9952640
53,Work,364,24,8397318
54,Cell-Phone,873,25,5116075
55,Work,754,25,8152133
56,Cell-Phone,826,26,2974157
57,Cell-Phone,770,27,4536125
58,Work,205,27,3245139
59,Cell-Phone,806,28,1059954
60,Work,742,28,3399060
61,Cell-Phone,899,29,5224338
62,Home,388,29,4887596
63,Work,570,29,8959983
64,Cell-Phone,993,30,2280137
65,Home,744,30,5442543
66,Cell-Phone,939,31,6930069
67,Work,612,31,2229943
68,Cell-Phone,330,32,8604567
69,Home,742,32,3021759
70,Home,154,33,6700891
71,Work,555,33,9966608
72,Cell-Phone,189,34,1582552
73,Work,955,34,2587776
74,Cell-Phone,929,35,6509987
75,Home,656,35,8949957
76,Cell-Phone,713,36,3734369
77,Work,844,36,4427505
78,Cell-Phone,708,37,5805566
79,Work,222,37,8342561
80,Cell-Phone,544,38,2543783
81,Home,581,38,5102303
82,Work,277,38,2757948
83,Cell-Phone,918,39,9671567
84,Home,280,39,3456777
85,Work,337,39,5870981
86,Cell-Phone,441,40,5723400
87,Home,549,40,8824758
88,Work,147,40,8875649
89,Cell-Phone,798,41,7973341
90,Home,955,41,3321578
91,Cell-Phone,519,42,7745168
92,Cell-Phone,808,43,8240672
93,Home,935,43,3978398
94,Work,346,43,1772480
95,Cell-Phone,584,44,5390112
96,Work,504,44,7025753
97,Cell-Phone,398,45,8793327
98,Work,335,45,8293422
99,Cell-Phone,930,46,8198669
100,Home,438,46,5588607
101,Work,310,46,2760552
102,Cell-Phone,146,47,3008184
103,Home,551,47,5396647
104,Work,619,47,7062111
105,Cell-Phone,637,48,6500978
106,Work,767,48,1028784
107,Home,453,49,2220717
108,Cell-Phone,488,50,8517113
109,Home,848,50,6993800
110,Work,395,50,2883413
111,Cell-Phone,771,51,8120449
112,Work,411,51,2059343
113,Cell-Phone,258,52,2635860
114,Home,567,52,1350102
115,Work,709,52,7450219
116,Cell-Phone,378,53,8736862
117,Home,462,53,8453036
118,Work,575,53,7013295
119,Cell-Phone,125,54,6556551
120,Cell-Phone,320,55,3447502
121,Home,378,55,6821902
122,Work,749,55,2968636
123,Cell-Phone,614,56,9511081
124,Home,765,56,7019463
125,Work,920,56,3294108
126,Cell-Phone,158,57,7914110
127,Home,324,57,3191885
128,Cell-Phone,502,58,2721989
129,Work,755,58,5341340
130,Cell-Phone,743,59,3644750
131,Work,775,59,3912049
132,Cell-Phone,801,60,9953628
133,Work,992,60,2798238
134,Cell-Phone,978,61,4616856
135,Work,685,61,4810480
136,Cell-Phone,791,62,1622031
137,Cell-Phone,968,63,2773614
138,Home,188,63,4508080
139,Cell-Phone,798,64,8739529
140,Work,834,64,9091478
141,Cell-Phone,288,65,6741492
142,Home,758,65,1018619
143,Cell-Phone,334,66,4972608
144,Home,647,66,3255036
145,Work,712,66,2042142
146,Work,569,67,8282353
147,Cell-Phone,203,68,4314947
148,Work,365,68,9279690
149,Cell-Phone,307,69,7589076
150,Home,721,69,9747317
151,Work,284,69,2340042
152,Cell-Phone,849,70,6959335
153,Home,359,70,3109403
154,Cell-Phone,748,71,8187221
155,Cell-Phone,697,72,5167673
156,Work,689,73,2336416
157,Cell-Phone,359,74,1288195
158,Work,442,74,1440201
159,Cell-Phone,853,75,6696031
160,Cell-Phone,182,76,3133105
161,Cell-Phone,645,77,6889829
162,Home,258,77,9602550
163,Work,535,77,2388834
164,Cell-Phone,952,78,8729308
165,Home,738,78,4348751
166,Work,146,78,7782020
167,Work,463,79,1834657
168,Cell-Phone,896,80,6210151
169,Work,741,80,2745179
170,Cell-Phone,301,81,9471348
171,Work,928,81,6798594
172,Cell-Phone,442,82,7767096
173,Home,761,82,5082579
174,Cell-Phone,131,83,2778084
175,Cell-Phone,112,84,3372438
176,Work,812,84,3903319
177,Cell-Phone,467,85,1120628
178,Work,185,85,1912451
179,Cell-Phone,512,86,9991443
180,Work,996,86,9851004
181,Cell-Phone,311,87,8479441
182,Work,972,87,2457747
183,Cell-Phone,322,88,2200314
184,Home,760,88,7023529
185,Work,712,88,2704972
186,Cell-Phone,793,89,5966729
187,Home,454,89,1929694
188,Cell-Phone,920,90,9547865
189,Cell-Phone,996,91,4637162
190,Cell-Phone,685,92,5630088
191,Work,951,92,3076360
192,Cell-Phone,335,93,4644346
193,Home,800,93,4900502
194,Work,275,93,4596375
195,Cell-Phone,289,94,4902307
196,Work,845,94,6679320
197,Cell-Phone,438,95,1454987
198,Home,804,95,5224722
199,Work,610,95,3940372
200,Cell-Phone,299,96,7093929
201,Home,514,96,1863739
202,Cell-Phone,322,97,5295730
203,Work,374,97,9278236
204,Cell-Phone,554,98,9086180
205,Work,497,98,1612807
206,Cell-Phone,298,99,9785587
207,Cell-Phone,518,100,9282083
208,Home,870,100,8851418
209,Work,446,100,9713511
210,Cell-Phone,467,101,1697052
211,Work,560,101,4278364
212,Cell-Phone,601,102,1516193
213,Cell-Phone,415,103,7612375
214,Home,369,103,2382038
215,Work,644,103,6970806
216,Cell-Phone,932,104,4786742
217,Cell-Phone,612,105,7519073
218,Work,903,105,7238230
219,Cell-Phone,738,106,8344899
220,Work,575,106,8318442
221,Cell-Phone,518,107,5539464
222,Work,171,107,5869880
223,Cell-Phone,215,108,2177070
224,Home,166,108,5133272
225,Work,355,108,5634878
226,Cell-Phone,817,109,7744659
227,Home,725,109,9669431
228,Work,665,109,4313941
229,Cell-Phone,985,110,7956001
230,Home,768,110,8419661
231,Work,135,110,8204074
232,Cell-Phone,280,111,5930508
233,Work,384,111,5669537
234,Cell-Phone,634,112,8324961
235,Cell-Phone,671,113,4201296
236,Work,126,113,1845686
237,Cell-Phone,743,114,9689698
238,Home,443,114,5901681
239,Work,319,114,2159511
240,Cell-Phone,850,115,1683428
241,Work,425,115,6496990
242,Cell-Phone,685,116,7943792
243,Cell-Phone,626,117,2305244
244,Home,728,117,3821377
245,Cell-Phone,189,118,9464134
246,Cell-Phone,499,119,5213027
247,Home,862,119,5802697
248,Work,456,119,5743485
249,Cell-Phone,525,120,7861129
250,Cell-Phone,162,121,5917297
251,Cell-Phone,734,122,9435823
252,Home,222,122,3579889
253,Work,175,122,8969475
254,Cell-Phone,927,123,2695557
255,Home,841,123,3897758
256,Work,660,123,8617324
257,Cell-Phone,560,124,5407010
258,Home,527,124,9995145
259,Cell-Phone,368,125,3938119
260,Home,971,125,7245844
261,Work,885,125,6142560
262,Cell-Phone,819,126,2167409
263,Home,720,126,7675395
264,Work,601,126,4645787
265,Cell-Phone,510,127,5072668
266,Cell-Phone,417,128,9395637
267,Home,204,128,1369355
268,Work,533,128,7396596
269,Cell-Phone,689,129,7246341
270,Home,395,129,8152605
271,Work,470,129,7664449
272,Cell-Phone,659,130,3009914
273,Work,878,130,6488002
274,Cell-Phone,485,131,5098914
275,Home,950,131,7359534
276,Work,320,131,1445636
277,Cell-Phone,205,132,2732823
278,Work,440,132,5496823
279,Cell-Phone,739,133,7265173
280,Home,603,133,3789604
281,Work,959,133,1186515
282,Cell-Phone,561,134,7583885
283,Cell-Phone,780,135,3196348
284,Home,195,135,5912761
285,Work,851,135,8107191
286,Cell-Phone,665,136,8633496
287,Cell-Phone,101,137,6584163
288,Work,802,137,1734188
289,Cell-Phone,965,138,3693080
290,Work,311,138,5599990
291,Cell-Phone,630,139,1761993
292,Home,657,139,6650989
293,Work,596,139,3354027
294,Cell-Phone,126,140,1910637
295,Home,594,140,1008807
296,Work,998,140,1024319
297,Cell-Phone,399,141,4103150
298,Home,936,141,4708740
299,Cell-Phone,400,142,6327435
300,Home,224,142,6280332
301,Work,523,142,2841173
302,Cell-Phone,402,143,7494109
303,Work,682,143,7880921
304,Cell-Phone,623,144,4403069
305,Cell-Phone,680,145,9968963
306,Work,940,145,9161708
307,Cell-Phone,741,146,4052893
308,Home,596,146,5946343
309,Work,599,146,4797143
310,Cell-Phone,189,147,1445588
311,Work,194,147,5146250
312,Cell-Phone,907,148,4642719
313,Home,974,148,2026083
314,Work,605,148,4621975
315,Cell-Phone,889,149,7913642
316,Home,620,149,3175161
317,Work,800,149,2189724
318,Cell-Phone,874,150,6330543
319,Home,361,150,8572319
320,Cell-Phone,277,151,2345144
321,Home,474,151,2644928
322,Work,130,151,5751451
323,Cell-Phone,769,152,5839706
324,Home,821,152,8594219
325,Work,780,152,7290513
326,Cell-Phone,338,153,5452457
327,Home,319,153,2309127
328,Work,270,153,9361024
329,Cell-Phone,963,154,9708330
330,Work,212,154,3575802
331,Cell-Phone,259,155,2093551
332,Work,363,155,5919833
333,Cell-Phone,160,156,9148157
334,Home,539,156,8705632
335,Work,308,156,8535308
336,Cell-Phone,588,157,8602305
337,Home,910,157,7273016
338,Work,505,157,5312951
339,Cell-Phone,609,158,3396336
340,Home,600,158,2581532
341,Work,583,158,5060181
342,Cell-Phone,219,159,8034889
343,Cell-Phone,668,160,6957537
344,Home,963,160,5295711
345,Work,272,160,4757047
346,Cell-Phone,788,161,9650073
347,Home,994,161,1998435
348,Cell-Phone,322,162,2126474
349,Work,871,162,5255326
350,Cell-Phone,681,163,7585432
351,Work,906,163,2873813
352,Cell-Phone,737,164,4583193
353,Home,702,164,1011841
354,Work,519,164,5396640
355,Cell-Phone,605,165,4135142
356,Home,505,165,5625213
357,Cell-Phone,913,166,2275857
358,Work,299,166,3923863
359,Cell-Phone,207,167,3563286
360,Work,774,167,4676424
361,Cell-Phone,726,168,5610259
362,Work,138,168,1933944
363,Cell-Phone,729,169,5289115
364,Work,922,169,6563574
365,Cell-Phone,809,170,2516239
366,Work,179,170,8467624
367,Cell-Phone,350,171,8410515
368,Work,316,171,8102478
369,Cell-Phone,991,172,3009095
370,Home,347,172,8744660
371,Work,429,172,5642215
372,Cell-Phone,945,173,6883394
373,Cell-Phone,575,174,8372710
374,Home,793,174,5599408
375,Cell-Phone,836,175,2475742
376,Home,120,175,4696580
377,Cell-Phone,260,176,4459289
378,Work,703,176,2596055
379,Cell-Phone,991,177,6811755
380,Home,450,177,9623731
381,Work,238,177,8547937
382,Cell-Phone,530,178,6159871
383,Home,918,178,9171949
384,Cell-Phone,928,179,2801718
385,Home,118,179,9922961
386,Work,503,179,7316441
387,Cell-Phone,739,180,3704832
388,Cell-Phone,288,181,3807105
389,Home,264,181,2664036
390,Work,677,181,8018753
391,Cell-Phone,882,182,2244712
392,Work,508,182,4810030
393,Cell-Phone,141,183,9273011
394,Home,448,183,8754499
395,Work,580,183,1586597
396,Cell-Phone,206,184,6017607
397,Work,292,184,1161054
398,Home,409,185,4927295
399,Work,475,185,5047773
400,Cell-Phone,733,186,2716746
401,Work,201,186,1567465
402,Cell-Phone,294,187,2348775
403,Work,161,187,5170954
404,Cell-Phone,658,188,4286437
405,Home,156,188,9861385
406,Work,364,188,6508064
407,Cell-Phone,666,189,1163670
408,Work,732,189,6641953
409,Cell-Phone,710,190,1600835
410,Home,846,190,6971049
411,Work,669,190,6225273
412,Cell-Phone,155,191,9274964
413,Home,616,191,4082685
414,Cell-Phone,467,192,1446719
415,Home,593,192,8720141
416,Work,162,192,6608196
417,Cell-Phone,307,193,4342713
418,Home,719,193,4331940
419,Cell-Phone,119,194,1872885
420,Work,927,194,8248433
421,Cell-Phone,739,195,2460573
422,Home,435,195,4976117
423,Work,935,195,9719145
424,Cell-Phone,421,196,8295450
425,Home,638,196,2287039
426,Work,306,196,7482425
427,Cell-Phone,334,197,5950964
428,Work,784,197,5241493
429,Cell-Phone,542,198,3806173
430,Home,541,198,9729215
431,Work,528,198,5559675
432,Cell-Phone,860,199,3124413
433,Home,928,199,5858252
434,Cell-Phone,975,200,9521919
435,Home,384,200,6812575
436,Cell-Phone,890,201,4546783
437,Home,915,201,9090320
438,Work,221,201,9046120
439,Cell-Phone,676,202,1074163
440,Home,660,202,2236277
441,Cell-Phone,589,203,2416333
442,Home,628,203,9614631
443,Work,418,203,8756867
444,Cell-Phone,455,204,4434902
445,Home,547,204,6047582
446,Work,713,204,4809106
447,Cell-Phone,877,205,9393738
448,Home,422,205,1668360
449,Work,746,205,4105130
450,Cell-Phone,753,206,1715682
451,Home,854,206,2885241
452,Work,244,206,3572839
453,Cell-Phone,356,207,5765645
454,Cell-Phone,786,208,7317679
455,Home,521,208,3903859
456,Work,677,208,6093277
457,Cell-Phone,513,209,7111607
458,Home,217,209,3578603
459,Cell-Phone,657,210,2970002
460,Home,305,210,5059304
461,Work,550,210,5707649
462,Cell-Phone,842,211,6858134
463,Home,131,211,5547673
464,Cell-Phone,572,212,7858740
465,Work,577,212,3860520
466,Cell-Phone,789,213,6709179
467,Home,771,213,5373767
468,Work,137,213,9986889
469,Cell-Phone,954,214,5600159
470,Cell-Phone,111,215,9278581
471,Work,585,215,8847792
472,Home,828,216,3782541
473,Work,770,216,5783527
474,Cell-Phone,237,217,6778793
475,Work,724,217,7777402
476,Cell-Phone,943,218,8293863
477,Cell-Phone,346,219,8972782
478,Home,570,219,3262552
479,Cell-Phone,807,220,5092962
480,Home,193,220,4742547
481,Work,391,220,2349494
482,Cell-Phone,537,221,4499605
483,Cell-Phone,815,222,6808501
484,Work,297,222,6627654
485,Cell-Phone,885,223,3360223
486,Work,861,223,5276830
487,Cell-Phone,279,224,9157881
488,Work,855,224,4601939
489,Cell-Phone,874,225,5611064
490,Home,919,225,6081138
491,Cell-Phone,678,226,7568685
492,Home,801,226,1506562
493,Work,702,226,9202292
494,Cell-Phone,630,227,4054842
495,Cell-Phone,333,228,6967735
496,Work,894,228,5070455
497,Cell-Phone,707,229,1375452
498,Home,653,229,7180691
499,Cell-Phone,996,230,2396282
500,Home,954,230,5912566
501,Work,640,230,4277474
502,Cell-Phone,885,231,5917975
503,Work,939,231,8578068
504,Cell-Phone,419,232,1895639
505,Home,209,232,8565568
506,Work,517,232,7335398
507,Cell-Phone,970,233,8193933
508,Home,498,233,9160531
509,Work,957,233,4697349
510,Cell-Phone,122,234,9391039
511,Home,952,234,7027639
512,Work,737,234,7345439
513,Cell-Phone,381,235,7472286
514,Home,873,235,7639477
515,Work,785,235,8186829
516,Cell-Phone,584,236,4845052
517,Work,691,236,9607950
518,Cell-Phone,692,237,6684655
519,Work,141,237,3630839
520,Cell-Phone,530,238,9394107
521,Work,615,238,4087705
522,Cell-Phone,159,239,3528021
523,Home,360,239,2613677
524,Cell-Phone,131,240,4549471
525,Cell-Phone,883,241,6982435
526,Work,943,241,6585773
527,Cell-Phone,223,242,1451656
528,Home,216,242,2198508
529,Cell-Phone,999,243,9165458
530,Cell-Phone,226,244,2039541
531,Work,692,244,6107221
532,Cell-Phone,728,245,1708971
533,Home,643,245,5814018
534,Work,177,245,7121163
535,Cell-Phone,510,246,4413400
536,Home,898,246,3114913
537,Work,515,246,5983351
538,Cell-Phone,704,247,2311831
539,Work,909,247,6577010
540,Cell-Phone,927,248,3933874
541,Home,352,248,6170424
542,Work,621,248,2824315
543,Cell-Phone,911,249,9801743
544,Home,738,249,5751532
545,Work,565,249,5301901
546,Cell-Phone,777,250,6920874
547,Cell-Phone,652,251,4642372
548,Work,221,251,1537818
549,Cell-Phone,315,252,3453420
550,Home,216,252,1284604
551,Work,567,252,2428553
552,Cell-Phone,358,253,4819889
553,Home,393,253,9336921
554,Cell-Phone,842,254,2079733
555,Home,619,254,9851726
556,Work,226,254,9908334
557,Cell-Phone,864,255,7141199
558,Work,963,255,6183936
559,Cell-Phone,162,256,3268857
560,Home,563,256,8984407
561,Cell-Phone,476,257,2461194
562,Work,560,257,5333577
563,Home,593,258,5204976
564,Cell-Phone,741,259,8046153
565,Cell-Phone,283,260,5199469
566,Home,798,260,6451435
567,Work,678,260,2789610
568,Cell-Phone,945,261,8784565
569,Cell-Phone,246,262,1747624
570,Home,212,262,3636520
571,Work,159,262,6807922
572,Cell-Phone,790,263,8587895
573,Work,665,263,4718093
574,Cell-Phone,538,264,7897767
575,Home,135,264,7937070
576,Work,615,264,2912936
577,Cell-Phone,245,266,1169013
578,Home,607,266,9459621
579,Work,133,266,9474353
580,Cell-Phone,337,267,3654743
581,Home,439,267,6122673
582,Cell-Phone,772,268,4503153
583,Cell-Phone,682,269,3364639
584,Home,226,269,7680943
585,Work,454,269,4882348
586,Cell-Phone,586,270,3866331
587,Home,731,270,8197090
588,Work,671,270,2601052
589,Cell-Phone,321,271,5605572
590,Home,260,271,2529568
591,Work,995,271,7181899
592,Cell-Phone,764,272,2282895
593,Work,330,272,7929306
594,Cell-Phone,547,273,6515152
595,Home,768,273,5153346
596,Cell-Phone,111,274,7938014
597,Work,822,274,4046599
598,Cell-Phone,895,275,5471737
599,Cell-Phone,184,276,2237933
600,Work,304,276,5531314
601,Cell-Phone,760,277,3002633
602,Work,849,277,8781350
603,Cell-Phone,901,278,1269300
604,Home,102,278,4726185
605,Work,651,278,9545706
606,Cell-Phone,652,279,3112308
607,Work,975,279,1863275
608,Cell-Phone,365,280,5328461
609,Home,902,280,9750670
610,Work,259,280,8377467
611,Cell-Phone,519,281,7083846
612,Home,144,281,7951499
613,Work,955,281,2546266
614,Cell-Phone,106,282,4562187
615,Home,443,282,2119294
616,Work,510,282,8812776
617,Cell-Phone,752,283,3836580
618,Home,255,284,7514399
619,Work,303,284,6872112
620,Cell-Phone,773,285,4734110
621,Home,873,285,1231637
622,Work,119,285,1424923
623,Cell-Phone,538,286,5872812
624,Work,361,286,8419483
625,Cell-Phone,700,287,5255413
626,Work,445,287,4632036
627,Cell-Phone,260,288,8973964
628,Work,940,288,2832494
629,Cell-Phone,433,289,5323375
630,Home,524,289,2309991
631,Cell-Phone,901,290,2563152
632,Home,150,290,5803358
633,Work,609,290,3978181
634,Cell-Phone,138,291,6634933
635,Home,614,291,4662418
636,Cell-Phone,739,293,8160099
637,Cell-Phone,953,294,6344168
638,Home,722,294,8517661
639,Work,415,294,3918624
640,Cell-Phone,921,295,3354238
641,Work,620,295,8468310
642,Cell-Phone,582,296,5871230
643,Work,246,296,7518770
644,Work,131,297,2744339
645,Cell-Phone,732,298,2805706
646,Work,768,298,9433582
647,Cell-Phone,653,299,1998225
648,Work,396,299,3789449
649,Cell-Phone,846,300,7667200
650,Work,685,300,7807436
651,Cell-Phone,896,301,3178751
652,Work,109,301,4412458
653,Cell-Phone,154,302,3280392
654,Work,913,302,9068441
655,Cell-Phone,119,303,7294765
656,Home,590,303,8599229
657,Cell-Phone,840,304,1470576
658,Home,708,304,7004378
659,Work,170,304,4430516
660,Cell-Phone,113,305,2411349
661,Home,484,305,2756972
662,Work,897,305,9249172
663,Cell-Phone,178,306,7000270
664,Work,962,306,7698706
665,Cell-Phone,375,307,4070598
666,Work,158,307,1409215
667,Cell-Phone,573,308,7582931
668,Home,416,308,9678297
669,Cell-Phone,788,309,2628232
670,Work,230,309,4175878
671,Cell-Phone,525,310,8590181
672,Home,120,310,8676346
673,Work,607,310,1150976
674,Cell-Phone,104,311,8327245
675,Home,917,311,7303401
676,Cell-Phone,699,312,1896305
677,Home,402,312,7717293
678,Cell-Phone,417,313,8114669
679,Cell-Phone,841,314,6604138
680,Home,132,314,3524939
681,Work,979,314,9412868
682,Cell-Phone,246,315,3146200
683,Cell-Phone,765,316,8193904
684,Home,998,316,3663986
685,Cell-Phone,474,317,1025611
686,Work,398,317,7374833
687,Cell-Phone,814,318,3278268
688,Work,443,318,3346477
689,Cell-Phone,271,319,6203459
690,Home,795,319,3488410
691,Cell-Phone,450,320,8355005
692,Home,517,320,4848461
693,Work,390,320,8426160
694,Cell-Phone,760,321,8896313
695,Work,958,321,5207861
696,Cell-Phone,778,322,7055374
697,Home,106,322,3208656
698,Cell-Phone,958,323,8560549
699,Home,175,323,1398966
700,Cell-Phone,160,324,4189351
701,Home,114,324,1092699
702,Cell-Phone,733,325,5364162
703,Home,416,325,5279411
704,Work,474,325,3458269
705,Cell-Phone,472,326,6764057
706,Work,636,326,2152441
707,Cell-Phone,409,327,4170486
708,Home,701,327,9516627
709,Cell-Phone,307,328,7104260
710,Home,113,328,8337850
711,Work,218,328,5668321
712,Cell-Phone,764,329,6887211
713,Cell-Phone,848,330,3311605
714,Home,115,330,4079844
715,Work,780,330,7665194
716,Cell-Phone,149,331,3584766
717,Cell-Phone,246,332,7092158
718,Home,225,332,8689797
719,Cell-Phone,771,333,6928893
720,Work,317,333,9037792
721,Cell-Phone,132,334,9067999
722,Home,186,334,4079924
723,Work,685,334,9678364
724,Cell-Phone,885,335,5792681
725,Cell-Phone,161,336,2235730
726,Home,337,336,9947403
727,Work,970,336,9880877
728,Cell-Phone,599,337,7006909
729,Home,740,337,1612202
730,Work,427,337,5392916
731,Work,201,338,3984375
732,Cell-Phone,635,339,5939994
733,Home,142,339,2848389
734,Cell-Phone,954,340,7046957
735,Cell-Phone,538,341,1368119
736,Home,448,341,9933474
737,Work,325,341,9438882
738,Cell-Phone,933,342,2451342
739,Home,857,342,7077664
740,Cell-Phone,318,343,9451954
741,Cell-Phone,742,344,5974893
742,Home,883,344,2424398
743,Work,681,344,4002720
744,Cell-Phone,928,345,2528876
745,Home,919,345,3231257
746,Work,370,345,2025960
747,Cell-Phone,384,346,3252018
748,Home,538,346,7356171
749,Cell-Phone,289,347,5466050
750,Home,647,347,1274086
751,Cell-Phone,669,348,6589712
752,Home,346,348,2446524
753,Cell-Phone,716,349,6169811
754,Home,934,349,4219357
755,Work,945,349,9562686
756,Cell-Phone,226,350,6077620
757,Home,405,350,3479722
758,Work,790,350,5063204
759,Cell-Phone,568,351,4378548
760,Work,887,351,8021736
761,Cell-Phone,471,352,4830862
762,Work,338,352,5062497
763,Cell-Phone,162,353,5795330
764,Cell-Phone,733,354,5566269
765,Work,184,354,5683761
766,Cell-Phone,833,355,6580432
767,Cell-Phone,470,356,7885580
768,Cell-Phone,618,357,3618546
769,Work,909,357,2154838
770,Cell-Phone,932,358,9129931
771,Home,209,358,5352702
772,Work,879,358,7971124
773,Cell-Phone,596,359,5020473
774,Home,266,359,2639469
775,Cell-Phone,864,360,3766906
776,Home,730,360,1072205
777,Cell-Phone,797,361,5038595
778,Cell-Phone,403,362,2139920
779,Cell-Phone,780,363,3331752
780,Cell-Phone,857,364,3539811
781,Home,582,364,7496687
782,Work,504,364,3370116
783,Cell-Phone,929,365,2042594
784,Work,377,365,5363273
785,Cell-Phone,402,366,5231467
786,Home,666,366,7567464
787,Work,948,366,6448406
788,Cell-Phone,301,367,1675280
789,Work,101,367,8548404
790,Cell-Phone,716,368,9629064
791,Cell-Phone,654,369,9691212
792,Cell-Phone,317,370,2291546
793,Home,789,370,4002515
794,Work,416,370,8798878
795,Cell-Phone,489,371,2982101
796,Work,604,371,5452282
797,Cell-Phone,496,372,8423379
798,Cell-Phone,307,373,2312915
799,Home,725,373,6490235
800,Cell-Phone,601,374,1422316
801,Home,668,374,2886001
802,Cell-Phone,801,375,5675147
803,Home,596,375,8475055
804,Cell-Phone,361,376,7131548
805,Work,675,376,9451790
806,Cell-Phone,791,377,3188485
807,Home,707,377,3577631
808,Work,391,377,1938566
809,Cell-Phone,517,378,7749742
810,Work,864,378,3309633
811,Cell-Phone,917,379,5811409
812,Home,815,379,4248560
813,Cell-Phone,975,380,5923460
814,Work,248,380,1925921
815,Cell-Phone,916,381,4978573
816,Work,386,381,6717528
817,Cell-Phone,418,382,6798335
818,Work,280,382,4448902
819,Cell-Phone,876,383,8314057
820,Cell-Phone,948,384,7700844
821,Home,728,384,4820392
822,Cell-Phone,308,385,6697144
823,Home,204,385,1198973
824,Work,941,385,9506164
825,Cell-Phone,577,386,5098589
826,Work,625,386,5977748
827,Cell-Phone,610,387,5201894
828,Home,974,387,3551991
829,Work,906,387,7643201
830,Cell-Phone,270,388,5004689
831,Home,792,388,7982012
832,Work,178,388,5689297
833,Cell-Phone,247,389,1366714
834,Home,265,389,8315801
835,Work,362,389,2770473
836,Cell-Phone,212,390,9733833
837,Home,667,390,2886212
838,Work,911,390,2654340
839,Cell-Phone,690,391,6298142
840,Home,594,391,9575867
841,Work,257,391,1265945
842,Cell-Phone,963,392,1626782
843,Work,386,392,1681195
844,Cell-Phone,429,393,4802032
845,Home,440,393,2898057
846,Cell-Phone,833,394,4208697
847,Cell-Phone,970,395,7958180
848,Work,357,395,5499858
849,Cell-Phone,890,396,1657394
850,Cell-Phone,879,397,6393102
851,Home,500,397,1591166
852,Work,604,397,8744819
853,Cell-Phone,453,398,6765952
854,Work,115,398,1212435
855,Cell-Phone,301,399,7808939
856,Home,915,399,4175581
857,Work,901,399,3283792
858,Work,709,400,7381738
859,Cell-Phone,819,401,4925695
860,Work,252,401,2868767
861,Cell-Phone,176,402,3144811
862,Cell-Phone,346,403,5019702
863,Cell-Phone,551,405,4978817
864,Work,713,405,2124104
865,Cell-Phone,379,406,4465516
866,Work,772,406,4758322
867,Work,834,407,6057974
868,Cell-Phone,122,408,7721670
869,Home,648,408,5714202
870,Work,587,408,9623774
871,Cell-Phone,931,409,3806036
872,Work,779,409,8355111
873,Cell-Phone,407,410,9443765
874,Home,286,410,1874570
875,Cell-Phone,482,411,6968869
876,Work,273,411,1756814
877,Cell-Phone,488,412,7134507
878,Work,451,412,2125486
879,Cell-Phone,407,413,6079732
880,Home,942,413,4629310
881,Work,425,413,1973858
882,Cell-Phone,895,414,8760800
883,Work,619,414,8133510
884,Cell-Phone,672,415,1983035
885,Cell-Phone,706,416,8069461
886,Work,327,416,1010402
887,Cell-Phone,374,417,4417592
888,Work,190,417,4408826
889,Cell-Phone,615,418,6602876
890,Work,810,418,6487739
891,Cell-Phone,664,419,5654203
892,Cell-Phone,455,420,2203403
893,Cell-Phone,897,421,4433157
894,Cell-Phone,243,422,8709923
895,Work,235,422,1863222
896,Cell-Phone,392,424,5812335
897,Home,139,424,7153022
898,Work,368,424,7113336
899,Cell-Phone,989,425,8336141
900,Cell-Phone,737,426,4084838
901,Home,449,426,2531352
902,Work,674,426,8100933
903,Cell-Phone,789,427,5134253
904,Home,277,427,8946191
905,Work,218,427,3064059
906,Cell-Phone,777,428,2383165
907,Cell-Phone,762,429,6822323
908,Home,212,429,2411047
909,Work,192,429,7129675
910,Cell-Phone,131,430,6391104
911,Home,611,430,5860987
912,Work,898,430,3616855
913,Cell-Phone,832,431,7502254
914,Home,730,431,8277962
915,Cell-Phone,795,432,8886145
916,Work,587,432,9385724
917,Cell-Phone,231,433,5922682
918,Work,471,433,1941796
919,Cell-Phone,693,434,1262725
920,Work,999,434,2361304
921,Cell-Phone,197,435,3728782
922,Home,199,435,5848576
923,Work,817,435,7694012
924,Cell-Phone,928,436,9022194
925,Work,110,436,1712404
926,Cell-Phone,493,437,4746204
927,Work,569,437,2568237
928,Cell-Phone,185,438,7384858
929,Cell-Phone,788,439,8394995
930,Home,931,439,1659882
931,Cell-Phone,290,440,2394431
932,Home,700,440,4693191
933,Cell-Phone,681,441,8849486
934,Work,388,441,4813001
935,Cell-Phone,451,442,5769876
936,Work,674,442,7996565
937,Cell-Phone,367,443,6537536
938,Work,260,443,3120545
939,Cell-Phone,623,444,1293133
940,Work,672,444,6830513
941,Cell-Phone,560,445,9104461
942,Cell-Phone,537,446,5633945
943,Home,164,446,8385185
944,Cell-Phone,731,447,9279782
945,Home,637,447,3062368
946,Cell-Phone,711,448,7281673
947,Work,420,448,5533770
948,Cell-Phone,712,449,1919859
949,Home,698,449,6665675
950,Work,585,449,4709801
951,Cell-Phone,985,450,8351578
952,Cell-Phone,243,451,4758168
953,Work,376,451,9145367
954,Cell-Phone,774,452,8960810
955,Home,416,452,5139185
956,Cell-Phone,766,453,6031114
957,Work,100,453,2311817
958,Cell-Phone,577,454,1527587
959,Work,771,454,3067181
960,Cell-Phone,168,455,6001777
961,Home,429,455,1831898
962,Work,998,455,7639884
963,Cell-Phone,975,456,8870855
964,Home,913,456,2901029
965,Home,195,457,8347955
966,Work,829,457,2009897
967,Cell-Phone,532,458,2934334
968,Work,622,458,7442732
969,Cell-Phone,306,459,8934925
970,Work,498,459,5011581
971,Cell-Phone,319,460,2429453
972,Work,140,460,1600913
973,Cell-Phone,133,461,8489230
974,Work,291,461,6456297
975,Cell-Phone,143,462,2685227
976,Cell-Phone,904,463,4883281
977,Home,483,463,7617372
978,Work,641,463,6427666
979,Cell-Phone,972,464,7328421
980,Cell-Phone,884,465,5025285
981,Home,567,465,7701111
982,Work,946,465,9692724
983,Cell-Phone,422,466,6409616
984,Work,181,466,3475668
985,Cell-Phone,340,467,7496640
986,Home,214,467,3526381
987,Cell-Phone,913,468,2605908
988,Home,534,468,1548618
989,Work,911,468,9099299
990,Cell-Phone,146,469,1610751
991,Home,667,469,4478000
992,Work,337,469,2195406
993,Cell-Phone,720,470,6706376
994,Home,170,470,9389058
995,Cell-Phone,385,471,1722304
996,Work,666,471,7938432
997,Cell-Phone,969,472,1083880
998,Home,164,472,3807212
999,Work,657,472,1780570
1000,Cell-Phone,178,473,4976381
1001,Cell-Phone,125,474,3028196
1002,Work,363,474,3670385
1003,Cell-Phone,804,475,5326828
1004,Home,937,475,1352004
1005,Work,744,475,9532520
1006,Cell-Phone,531,476,2125264
1007,Home,706,476,2866061
1008,Home,863,477,5030563
1009,Work,886,477,4996561
1010,Cell-Phone,649,478,2811047
1011,Work,210,478,9568721
1012,Cell-Phone,962,479,4821935
1013,Home,472,479,2325210
1014,Work,115,479,3707575
1015,Cell-Phone,503,480,2527641
1016,Work,343,481,7330736
1017,Cell-Phone,364,482,4509367
1018,Home,121,482,9349403
1019,Cell-Phone,226,483,2684925
1020,Work,636,483,8434437
1021,Cell-Phone,290,484,9077947
1022,Cell-Phone,412,485,4626473
1023,Home,685,485,4099085
1024,Work,715,485,9118841
1025,Cell-Phone,712,486,8217924
1026,Home,868,486,4268082
1027,Cell-Phone,191,487,1163345
1028,Home,509,487,5214735
1029,Work,491,487,5477293
1030,Cell-Phone,995,488,5689111
1031,Home,166,488,6316630
1032,Cell-Phone,882,489,8704125
1033,Home,977,489,6639183
1034,Cell-Phone,544,490,4998217
1035,Work,278,490,9000285
1036,Cell-Phone,249,491,7365705
1037,Home,128,491,3209244
1038,Cell-Phone,426,492,3714648
1039,Home,648,492,2447436
1040,Work,145,492,2374249
1041,Cell-Phone,741,493,6295167
1042,Work,143,493,2160318
1043,Cell-Phone,412,494,8981462
1044,Cell-Phone,623,495,3976741
1045,Home,138,496,6487465
1046,Work,342,496,6442961
1047,Cell-Phone,356,497,5755406
1048,Cell-Phone,628,498,4517727
1049,Cell-Phone,541,499,9548647
1050,Home,813,499,5121295
1051,Work,567,499,1374078
1052,Cell-Phone,982,500,1037006
1053,Home,470,500,7979418
1054,Work,651,500,7939301
1055,Cell-Phone,554,501,3633910
1056,Home,397,501,7966693
1057,Cell-Phone,465,502,4087447
1058,Cell-Phone,819,503,6937538
1059,Work,994,503,3999693
1060,Work,315,504,3069566
1061,Cell-Phone,169,505,8002074
1062,Home,499,505,5088416
1063,Work,976,505,6258362
1064,Cell-Phone,400,506,2176129
1065,Home,986,506,3735019
1066,Cell-Phone,222,507,1741536
1067,Work,715,507,3566425
1068,Cell-Phone,323,508,7616593
1069,Home,707,508,1064739
1070,Work,810,508,4939449
1071,Cell-Phone,377,509,1432037
1072,Home,657,509,5108911
1073,Work,112,509,2975716
1074,Cell-Phone,725,510,4582600
1075,Home,202,510,7830750
1076,Work,430,510,5086482
1077,Cell-Phone,949,511,6025775
1078,Cell-Phone,444,512,7780071
1079,Work,979,512,6707880
1080,Cell-Phone,307,513,4035816
1081,Work,455,513,4632077
1082,Cell-Phone,635,514,8152497
1083,Work,230,514,1839892
1084,Cell-Phone,781,515,2565626
1085,Cell-Phone,100,516,4404512
1086,Home,454,516,7314647
1087,Cell-Phone,509,517,9298692
1088,Home,757,517,7970053
1089,Work,920,517,6356087
1090,Home,288,518,6150105
1091,Work,298,518,5188826
1092,Cell-Phone,770,519,8738706
1093,Home,256,519,8746101
1094,Cell-Phone,496,520,3208616
1095,Cell-Phone,615,521,4359965
1096,Work,173,521,4806540
1097,Cell-Phone,189,522,3770787
1098,Home,446,522,8784707
1099,Work,860,522,2126627
1100,Cell-Phone,966,523,9640179
1101,Home,709,523,1620392
1102,Work,820,523,9091852
1103,Cell-Phone,280,524,8594236
1104,Work,958,524,4465383
1105,Cell-Phone,995,525,9040328
1106,Home,934,525,3579610
1107,Cell-Phone,666,526,5222333
1108,Home,831,526,3996098
1109,Work,262,526,1011866
1110,Cell-Phone,143,527,1787457
1111,Work,522,527,1111653
1112,Cell-Phone,228,528,6143022
1113,Work,774,528,1212397
1114,Cell-Phone,846,529,4111941
1115,Cell-Phone,411,530,9308847
1116,Home,538,530,7030206
1117,Cell-Phone,833,531,3301202
1118,Home,465,531,6682750
1119,Work,926,531,7085734
1120,Cell-Phone,257,532,3996959
1121,Home,438,532,2423353
1122,Cell-Phone,834,533,5284867
1123,Work,967,533,3954123
1124,Cell-Phone,268,534,9101288
1125,Home,124,534,7239834
1126,Work,211,534,3373346
1127,Cell-Phone,690,535,1060283
1128,Cell-Phone,773,536,4296976
1129,Work,214,536,8757894
1130,Cell-Phone,379,537,4266392
1131,Home,722,537,9317082
1132,Cell-Phone,361,538,2908534
1133,Home,696,538,7847980
1134,Work,402,538,7792874
1135,Cell-Phone,240,539,2496997
1136,Home,880,539,7239347
1137,Cell-Phone,166,540,2007628
1138,Work,694,540,1968569
1139,Cell-Phone,836,541,4784999
1140,Home,762,541,6573787
1141,Work,106,541,8376086
1142,Cell-Phone,820,542,3501800
1143,Home,313,542,5265569
1144,Cell-Phone,612,543,9785732
1145,Home,215,543,1281209
1146,Work,219,543,9992565
1147,Cell-Phone,701,544,1671893
1148,Work,673,544,1795889
1149,Cell-Phone,282,545,6401972
1150,Home,730,545,7064982
1151,Work,538,545,5488954
1152,Cell-Phone,643,546,4984183
1153,Work,141,546,6027456
1154,Cell-Phone,419,547,7542728
1155,Work,729,547,5645716
1156,Cell-Phone,617,548,2020077
1157,Home,154,548,6874059
1158,Work,796,548,1538520
1159,Cell-Phone,487,549,6265314
1160,Home,553,549,5213453
1161,Work,110,549,2639113
1162,Cell-Phone,291,550,6986261
1163,Work,571,550,4967077
1164,Cell-Phone,820,551,8026458
1165,Work,571,551,4917267
1166,Cell-Phone,437,552,9082846
1167,Home,706,552,4584328
1168,Work,470,552,1917272
1169,Cell-Phone,229,553,6715474
1170,Home,558,553,2067434
1171,Cell-Phone,577,554,5804053
1172,Home,571,554,2223859
1173,Work,645,554,8830748
1174,Cell-Phone,822,555,3930078
1175,Home,462,555,3748922
1176,Work,223,555,2193564
1177,Cell-Phone,843,556,4511791
1178,Home,794,556,4813272
1179,Cell-Phone,889,557,2611340
1180,Cell-Phone,983,558,2417115
1181,Home,338,558,9713228
1182,Cell-Phone,827,559,6810172
1183,Cell-Phone,305,560,6557088
1184,Home,910,560,8136415
1185,Cell-Phone,144,561,9140254
1186,Home,113,561,9848287
1187,Work,730,561,1523265
1188,Cell-Phone,781,562,6329220
1189,Home,202,562,9538690
1190,Work,268,562,3902705
1191,Cell-Phone,733,563,2148237
1192,Home,993,563,5798257
1193,Cell-Phone,197,564,2491733
1194,Work,580,564,5795910
1195,Cell-Phone,198,565,5248591
1196,Work,326,565,4664626
1197,Cell-Phone,815,567,7800862
1198,Work,289,567,4719015
1199,Cell-Phone,967,568,3198287
1200,Cell-Phone,420,569,7142964
1201,Cell-Phone,610,570,4999732
1202,Home,510,570,5091271
1203,Cell-Phone,867,571,9532674
1204,Cell-Phone,193,572,9183861
1205,Home,133,572,6484677
1206,Cell-Phone,314,573,7461446
1207,Home,166,573,2507186
1208,Cell-Phone,506,574,6114114
1209,Work,826,574,4585115
1210,Cell-Phone,581,575,3711114
1211,Cell-Phone,992,576,5635331
1212,Home,263,576,2104517
1213,Cell-Phone,894,577,6514980
1214,Home,612,577,2044153
1215,Cell-Phone,616,578,8438555
1216,Home,264,578,5492023
1217,Work,912,578,2527214
1218,Cell-Phone,918,579,7892332
1219,Home,543,579,3887040
1220,Work,255,579,2952018
1221,Cell-Phone,168,580,7037031
1222,Home,841,580,2382109
1223,Work,314,580,5834688
1224,Cell-Phone,943,581,8836641
1225,Home,537,581,7367621
1226,Cell-Phone,949,582,2199822
1227,Home,623,582,6772825
1228,Cell-Phone,711,583,2628273
1229,Work,363,583,2415864
1230,Cell-Phone,558,584,7034938
1231,Home,892,584,5382055
1232,Work,550,584,6600455
1233,Cell-Phone,540,585,3899303
1234,Work,345,585,9213286
1235,Cell-Phone,185,586,8412524
1236,Cell-Phone,824,587,4652005
1237,Work,549,587,7417424
1238,Cell-Phone,955,588,3309591
1239,Home,340,588,8523223
1240,Cell-Phone,182,589,5128309
1241,Cell-Phone,762,590,1502499
1242,Work,242,590,8872472
1243,Cell-Phone,799,591,9456690
1244,Cell-Phone,962,592,9922250
1245,Cell-Phone,849,593,3838591
1246,Home,421,593,8313543
1247,Work,904,593,8479468
1248,Cell-Phone,606,594,6375623
1249,Work,417,594,4877198
1250,Cell-Phone,211,595,2906618
1251,Home,413,595,5318434
1252,Work,587,595,9110972
1253,Cell-Phone,102,596,8966692
1254,Cell-Phone,811,597,3942997
1255,Home,617,597,4813465
1256,Work,584,597,5144430
1257,Cell-Phone,398,598,1370658
1258,Home,170,598,5567855
1259,Cell-Phone,738,599,2904244
1260,Home,600,599,4512532
1261,Cell-Phone,675,600,5603320
1262,Work,978,600,6587078
1263,Cell-Phone,768,601,8440424
1264,Home,421,601,1972033
1265,Cell-Phone,678,602,9414232
1266,Work,281,602,1133567
1267,Cell-Phone,293,603,2187670
1268,Work,196,603,9634204
1269,Cell-Phone,275,604,7861915
1270,Home,670,604,6559341
1271,Cell-Phone,214,605,1033750
1272,Work,202,605,1381150
1273,Cell-Phone,617,606,9888180
1274,Home,737,606,9589439
1275,Work,106,606,9200104
1276,Cell-Phone,338,607,5841868
1277,Work,976,607,1662533
1278,Cell-Phone,365,608,1028995
1279,Cell-Phone,795,609,3494693
1280,Home,164,609,2230877
1281,Work,492,609,3322085
1282,Cell-Phone,618,610,9861477
1283,Cell-Phone,950,611,6757647
1284,Work,503,611,7217245
1285,Cell-Phone,541,612,7944309
1286,Work,645,612,2207767
1287,Cell-Phone,872,613,1174352
1288,Work,254,613,1864625
1289,Cell-Phone,191,614,5938795
1290,Home,922,614,2403086
1291,Work,881,614,4472783
1292,Cell-Phone,730,615,1161243
1293,Work,588,615,6541271
1294,Cell-Phone,797,616,1287381
1295,Home,618,616,7969938
1296,Work,958,616,2214092
1297,Cell-Phone,539,617,6956956
1298,Cell-Phone,274,618,2158958
1299,Cell-Phone,237,619,3130579
1300,Home,249,619,7099202
1301,Work,309,619,7871028
1302,Cell-Phone,788,620,3629821
1303,Home,661,620,6923911
1304,Work,607,620,3484886
1305,Cell-Phone,991,621,3485899
1306,Home,853,621,5469822
1307,Work,545,621,3602357
1308,Cell-Phone,521,622,3412069
1309,Cell-Phone,770,623,6473761
1310,Cell-Phone,442,624,1293594
1311,Work,361,624,2154638
1312,Cell-Phone,943,625,6574652
1313,Home,611,625,4614174
1314,Work,459,625,8648915
1315,Cell-Phone,590,626,5663682
1316,Work,958,626,3141802
1317,Cell-Phone,520,627,9857906
1318,Home,504,627,3520892
1319,Work,141,627,3280941
1320,Cell-Phone,807,628,4661622
1321,Work,808,628,1819129
1322,Cell-Phone,443,629,1244418
1323,Home,354,629,4718412
1324,Work,516,629,7597808
1325,Cell-Phone,450,630,8639437
1326,Home,294,630,6582004
1327,Work,855,630,2528005
1328,Cell-Phone,695,631,5640734
1329,Cell-Phone,866,632,1093257
1330,Work,868,632,3940329
1331,Cell-Phone,405,633,8042708
1332,Work,670,633,1462731
1333,Cell-Phone,544,634,5817584
1334,Cell-Phone,737,635,3481304
1335,Cell-Phone,450,636,5841311
1336,Cell-Phone,389,637,6491101
1337,Home,848,637,9629031
1338,Work,410,637,7824597
1339,Cell-Phone,457,638,9913698
1340,Home,893,638,6134964
1341,Work,658,638,3105747
1342,Cell-Phone,918,639,8496310
1343,Home,988,639,5821746
1344,Work,411,639,3872270
1345,Cell-Phone,808,640,1841996
1346,Cell-Phone,453,641,6512782
1347,Cell-Phone,699,642,7053475
1348,Cell-Phone,685,643,8937026
1349,Work,150,643,2037396
1350,Cell-Phone,224,644,5242233
1351,Cell-Phone,577,645,6895045
1352,Home,487,645,1238854
1353,Cell-Phone,573,646,8442927
1354,Home,615,646,1520368
1355,Work,938,646,6947934
1356,Cell-Phone,426,647,3474674
1357,Home,922,647,6003983
1358,Work,766,647,9669973
1359,Cell-Phone,805,648,7291391
1360,Cell-Phone,549,649,8714053
1361,Home,206,649,9637826
1362,Work,703,649,8776527
1363,Cell-Phone,524,650,4062881
1364,Cell-Phone,143,651,4067688
1365,Cell-Phone,926,652,4577170
1366,Work,834,652,1135525
1367,Cell-Phone,680,653,7708684
1368,Work,170,653,4559776
1369,Cell-Phone,689,654,1025464
1370,Work,563,654,5088755
1371,Home,472,655,9576298
1372,Cell-Phone,313,656,3651151
1373,Work,430,656,8131811
1374,Cell-Phone,934,657,1934966
1375,Work,209,657,3698056
1376,Cell-Phone,198,658,6645457
1377,Cell-Phone,888,659,5774006
1378,Home,231,659,2794678
1379,Cell-Phone,794,660,8353721
1380,Cell-Phone,653,661,6494641
1381,Home,995,661,4876226
1382,Work,546,661,2774408
1383,Cell-Phone,523,662,4325820
1384,Work,355,662,7443975
1385,Cell-Phone,645,663,2803041
1386,Home,233,663,1681541
1387,Cell-Phone,435,664,5381508
1388,Cell-Phone,954,665,4372927
1389,Work,322,665,2935214
1390,Cell-Phone,785,666,1088544
1391,Home,604,666,8298721
1392,Cell-Phone,101,667,7491722
1393,Work,320,667,3785745
1394,Cell-Phone,561,668,4322555
1395,Cell-Phone,673,669,4627333
1396,Home,429,669,3513856
1397,Work,718,669,9925788
1398,Cell-Phone,193,670,2530563
1399,Work,866,670,8058565
1400,Cell-Phone,618,671,2934632
1401,Cell-Phone,556,672,2590832
1402,Work,555,672,6016156
1403,Cell-Phone,781,673,7680396
1404,Cell-Phone,447,674,3815940
1405,Home,506,674,2153265
1406,Cell-Phone,163,675,7518660
1407,Home,425,675,9846018
1408,Cell-Phone,684,676,8087643
1409,Home,576,676,8484382
1410,Cell-Phone,160,677,5819197
1411,Home,821,677,9235298
1412,Work,567,677,6010882
1413,Work,871,678,8033297
1414,Cell-Phone,562,679,4325661
1415,Home,205,679,8619844
1416,Work,452,679,4899350
1417,Cell-Phone,757,680,4251137
1418,Cell-Phone,274,681,9105493
1419,Cell-Phone,317,682,3715353
1420,Home,196,682,2913176
1421,Home,685,683,1286858
1422,Work,650,683,9801375
1423,Cell-Phone,264,684,8359479
1424,Home,304,684,7054385
1425,Work,269,684,3451175
1426,Cell-Phone,890,685,9093556
1427,Work,134,685,5489619
1428,Cell-Phone,239,686,1861659
1429,Home,455,686,2438795
1430,Work,485,686,8164440
1431,Cell-Phone,341,687,2094793
1432,Work,363,687,8997487
1433,Cell-Phone,162,688,6719486
1434,Home,839,688,3830122
1435,Cell-Phone,497,689,4857292
1436,Home,415,689,3259256
1437,Home,374,690,1728318
1438,Cell-Phone,337,691,7573696
1439,Work,951,691,8459890
1440,Cell-Phone,339,692,6075392
1441,Cell-Phone,126,693,9608267
1442,Work,407,693,3681194
1443,Cell-Phone,809,694,5830617
1444,Home,731,694,2349537
1445,Work,999,694,1622933
1446,Cell-Phone,870,695,2699664
1447,Work,579,695,2347739
1448,Cell-Phone,237,696,1580791
1449,Work,166,696,9899371
1450,Cell-Phone,229,697,1413801
1451,Work,609,697,8219967
1452,Cell-Phone,839,698,7943611
1453,Work,992,698,8953755
1454,Cell-Phone,349,699,4305535
1455,Work,852,699,9899589
1456,Cell-Phone,892,700,6066875
1457,Home,464,700,8247570
1458,Work,238,701,3508604
1459,Cell-Phone,628,702,4717410
1460,Work,149,702,6826017
1461,Cell-Phone,245,703,8659040
1462,Home,533,703,4302247
1463,Work,748,703,7801052
1464,Cell-Phone,561,704,5045497
1465,Home,206,704,4114699
1466,Work,206,704,5966259
1467,Cell-Phone,676,705,2981608
1468,Home,488,705,9999988
1469,Work,112,705,3542818
1470,Cell-Phone,994,706,9031104
1471,Home,908,706,7931053
1472,Work,591,706,8842691
1473,Cell-Phone,700,707,7227992
1474,Work,383,707,4737913
1475,Cell-Phone,240,708,6984944
1476,Work,254,708,9730667
1477,Cell-Phone,454,709,2126861
1478,Home,714,709,1515616
1479,Work,888,709,4635289
1480,Cell-Phone,707,710,8225697
1481,Home,313,710,8741285
1482,Work,609,710,7986342
1483,Cell-Phone,560,711,3016536
1484,Work,508,711,7824142
1485,Cell-Phone,278,712,4509238
1486,Home,272,712,1336169
1487,Work,889,712,8409544
1488,Cell-Phone,426,713,9335180
1489,Home,743,713,4626487
1490,Work,364,713,3403725
1491,Cell-Phone,331,714,6722921
1492,Cell-Phone,384,715,8662152
1493,Work,141,715,9359216
1494,Cell-Phone,893,716,9212595
1495,Home,415,716,3990433
1496,Cell-Phone,635,717,9140041
1497,Home,565,717,7001642
1498,Cell-Phone,438,718,6003714
1499,Work,850,718,4453974
1500,Cell-Phone,383,719,6131514
1501,Home,359,719,4714507
1502,Cell-Phone,416,720,2092963
1503,Home,672,720,3558595
1504,Work,430,720,8158673
1505,Home,390,721,8952549
1506,Work,264,721,1495605
1507,Cell-Phone,654,722,8219595
1508,Home,645,722,2368045
1509,Work,792,722,8110958
1510,Cell-Phone,435,723,6652796
1511,Home,526,723,7392732
1512,Cell-Phone,850,724,5275802
1513,Cell-Phone,571,725,7823790
1514,Work,702,725,5836644
1515,Cell-Phone,570,726,1234717
1516,Work,826,726,7060583
1517,Cell-Phone,129,727,9956104
1518,Home,963,727,4688531
1519,Cell-Phone,163,728,1199054
1520,Home,362,728,7028075
1521,Cell-Phone,942,730,3220366
1522,Home,473,730,8520193
1523,Cell-Phone,446,731,6633234
1524,Home,305,731,2373915
1525,Work,927,731,1599833
1526,Cell-Phone,407,732,2943291
1527,Home,643,732,6172212
1528,Work,423,732,7375515
1529,Cell-Phone,412,733,8731963
1530,Home,467,733,3862020
1531,Cell-Phone,198,734,3530171
1532,Work,698,734,9057989
1533,Cell-Phone,566,735,1441490
1534,Home,823,735,2324278
1535,Work,907,735,7925792
1536,Cell-Phone,710,736,2278087
1537,Home,957,736,6913150
1538,Work,263,736,5179014
1539,Cell-Phone,666,737,6372262
1540,Work,544,737,7722234
1541,Cell-Phone,677,738,6384228
1542,Home,279,738,8845244
1543,Work,982,738,8049481
1544,Cell-Phone,117,739,7479474
1545,Home,395,739,7563515
1546,Cell-Phone,657,740,1297689
1547,Cell-Phone,846,741,8809400
1548,Home,432,741,9432237
1549,Work,222,741,4280051
1550,Cell-Phone,594,742,7977349
1551,Home,175,742,1762824
1552,Work,699,742,9169933
1553,Cell-Phone,488,743,3588606
1554,Home,585,743,6722449
1555,Cell-Phone,893,744,9580205
1556,Work,827,744,8664417
1557,Cell-Phone,477,745,2806150
1558,Cell-Phone,144,746,6849231
1559,Cell-Phone,155,747,8592860
1560,Home,761,747,7873129
1561,Work,994,747,7611526
1562,Cell-Phone,411,748,4622089
1563,Cell-Phone,367,749,9149091
1564,Work,212,749,3588470
1565,Cell-Phone,739,750,9819312
1566,Cell-Phone,527,751,6738144
1567,Home,550,751,7824535
1568,Cell-Phone,871,752,8734280
1569,Home,113,752,2430751
1570,Cell-Phone,925,753,9423489
1571,Home,651,753,3989878
1572,Cell-Phone,202,754,8627214
1573,Work,759,754,2815716
1574,Cell-Phone,790,755,3113319
1575,Work,406,755,7145478
1576,Cell-Phone,164,756,1952433
1577,Work,492,756,2991126
1578,Cell-Phone,715,757,3682670
1579,Work,846,757,6101635
1580,Cell-Phone,703,758,4300243
1581,Home,699,758,5922201
1582,Cell-Phone,435,759,9805496
1583,Home,916,759,8742835
1584,Cell-Phone,175,760,8855598
1585,Work,395,760,5782184
1586,Home,893,761,3258654
1587,Work,807,761,1693416
1588,Cell-Phone,245,762,2805114
1589,Work,251,762,8773283
1590,Cell-Phone,193,763,4696202
1591,Cell-Phone,354,764,5286045
1592,Cell-Phone,984,765,4984524
1593,Home,131,765,2396896
1594,Cell-Phone,179,766,8789463
1595,Work,687,766,1212366
1596,Cell-Phone,515,767,9083850
1597,Work,789,767,8000107
1598,Cell-Phone,226,768,8299439
1599,Cell-Phone,582,769,1887155
1600,Home,815,769,4647708
1601,Work,409,769,9167452
1602,Cell-Phone,354,770,5029009
1603,Work,354,770,7373709
1604,Cell-Phone,232,771,9542721
1605,Work,714,771,5771869
1606,Cell-Phone,475,772,7598362
1607,Cell-Phone,495,773,7178160
1608,Home,638,773,2017276
1609,Work,540,773,4126074
1610,Cell-Phone,236,774,8821672
1611,Home,763,774,4410092
1612,Work,262,774,9776146
1613,Cell-Phone,675,775,7706272
1614,Home,636,775,7483132
1615,Work,421,775,8868330
1616,Cell-Phone,677,776,2875171
1617,Work,463,776,1691702
1618,Cell-Phone,658,777,2344773
1619,Cell-Phone,771,778,8680578
1620,Work,783,778,8998456
1621,Cell-Phone,958,779,4204603
1622,Work,523,779,2743133
1623,Home,961,780,8147422
1624,Work,572,780,6650771
1625,Cell-Phone,736,781,3647316
1626,Work,365,781,8882710
1627,Cell-Phone,273,782,2119574
1628,Home,818,782,9189740
1629,Cell-Phone,158,783,4520388
1630,Work,818,783,5571124
1631,Cell-Phone,647,784,1331410
1632,Home,446,784,1589664
1633,Cell-Phone,612,785,9752427
1634,Home,665,785,8265055
1635,Cell-Phone,764,786,4136459
1636,Cell-Phone,269,787,1734766
1637,Work,665,787,5609478
1638,Cell-Phone,939,788,2313713
1639,Work,369,788,5558732
1640,Cell-Phone,577,789,9762774
1641,Home,611,789,9497678
1642,Cell-Phone,584,790,7244248
1643,Work,102,790,1408293
1644,Cell-Phone,553,791,6049124
1645,Home,677,791,4699455
1646,Work,828,791,8575737
1647,Cell-Phone,718,792,1327090
1648,Home,399,792,3608637
1649,Work,630,792,8166545
1650,Cell-Phone,124,793,2167599
1651,Home,221,793,3094868
1652,Work,216,793,6020444
1653,Cell-Phone,323,794,3608000
1654,Home,218,794,7003506
1655,Work,284,794,3009216
1656,Cell-Phone,205,795,7695463
1657,Home,797,795,1686816
1658,Work,990,795,4863670
1659,Cell-Phone,581,796,3920541
1660,Cell-Phone,424,797,4557802
1661,Cell-Phone,679,798,1196948
1662,Cell-Phone,765,799,8005698
1663,Home,778,799,9037321
1664,Work,188,799,4292865
1665,Cell-Phone,463,800,9024296
1666,Work,464,800,3412474
1667,Cell-Phone,152,801,1592780
1668,Cell-Phone,900,802,5641292
1669,Home,337,802,7435462
1670,Cell-Phone,367,803,4933539
1671,Home,216,803,1629865
1672,Work,652,803,4647873
1673,Cell-Phone,714,804,2321586
1674,Cell-Phone,426,805,3307105
1675,Work,740,805,5818838
1676,Cell-Phone,540,806,2003639
1677,Work,820,806,2021804
1678,Work,100,807,6611518
1679,Cell-Phone,247,808,8648753
1680,Work,890,808,1169319
1681,Cell-Phone,737,809,2324132
1682,Home,616,809,8746016
1683,Cell-Phone,776,810,8325177
1684,Home,274,810,9910736
1685,Cell-Phone,182,811,7339114
1686,Work,969,811,8231176
1687,Cell-Phone,431,812,4493115
1688,Work,846,812,3618738
1689,Cell-Phone,944,813,5582647
1690,Home,397,813,2160932
1691,Work,470,813,5776907
1692,Cell-Phone,722,814,6061802
1693,Home,335,814,6516531
1694,Work,335,814,6554840
1695,Cell-Phone,283,815,8890953
1696,Home,551,815,1538333
1697,Work,191,815,2906834
1698,Cell-Phone,622,816,7520843
1699,Work,955,816,6876674
1700,Cell-Phone,845,817,1710555
1701,Home,191,817,4751188
1702,Work,863,817,7198150
1703,Cell-Phone,879,818,4196928
1704,Home,467,818,7093343
1705,Cell-Phone,294,819,2573187
1706,Work,379,819,6259619
1707,Cell-Phone,850,820,1130655
1708,Work,509,820,4517131
1709,Cell-Phone,444,821,8540708
1710,Work,184,821,2622570
1711,Cell-Phone,590,822,4447984
1712,Work,637,822,4877892
1713,Cell-Phone,407,823,2626721
1714,Home,310,823,3113404
1715,Work,519,823,7658448
1716,Cell-Phone,834,824,5370203
1717,Work,895,824,8923925
1718,Cell-Phone,258,825,8901612
1719,Home,953,825,8904936
1720,Cell-Phone,636,826,4425293
1721,Cell-Phone,343,827,4516744
1722,Home,692,827,3364421
1723,Work,924,827,7878391
1724,Cell-Phone,771,828,9699250
1725,Cell-Phone,174,829,2941074
1726,Home,454,829,6087736
1727,Cell-Phone,270,830,3807807
1728,Home,617,830,7890523
1729,Home,920,831,2758249
1730,Work,302,831,7864295
1731,Cell-Phone,406,832,8055023
1732,Cell-Phone,269,833,4273689
1733,Cell-Phone,633,834,4962564
1734,Cell-Phone,343,835,9433323
1735,Home,264,835,8625184
1736,Cell-Phone,201,836,5419001
1737,Home,512,836,1443570
1738,Cell-Phone,962,837,7039002
1739,Home,851,837,9788586
1740,Work,883,837,8231560
1741,Cell-Phone,215,838,1804077
1742,Cell-Phone,900,839,1620415
1743,Cell-Phone,233,840,8350822
1744,Home,897,840,9946381
1745,Work,480,840,5304680
1746,Cell-Phone,959,841,9964686
1747,Work,859,841,6939970
1748,Cell-Phone,717,842,8773925
1749,Home,283,842,3182108
1750,Cell-Phone,617,843,1865787
1751,Work,951,843,5580099
1752,Cell-Phone,283,844,7557709
1753,Cell-Phone,414,845,1119268
1754,Work,287,845,7842258
1755,Cell-Phone,127,846,2119811
1756,Home,986,846,2679674
1757,Cell-Phone,836,847,2126365
1758,Work,897,847,2895995
1759,Cell-Phone,831,848,7993385
1760,Home,330,848,1135710
1761,Work,762,848,2266419
1762,Cell-Phone,592,849,3739842
1763,Home,443,849,1235572
1764,Cell-Phone,371,850,6997087
1765,Work,684,850,8553678
1766,Cell-Phone,712,851,7483983
1767,Home,752,851,8346762
1768,Work,850,851,3360262
1769,Cell-Phone,253,852,8190347
1770,Home,511,852,1224019
1771,Work,922,852,5982752
1772,Cell-Phone,893,853,9914691
1773,Home,126,853,3416977
1774,Cell-Phone,592,854,7738920
1775,Home,108,854,5143652
1776,Work,619,854,3771740
1777,Cell-Phone,773,855,9707769
1778,Home,582,855,3151074
1779,Cell-Phone,562,856,1517702
1780,Work,418,856,6821742
1781,Cell-Phone,475,857,5160015
1782,Home,235,857,1036400
1783,Cell-Phone,732,858,6079193
1784,Work,487,858,4759225
1785,Cell-Phone,908,859,9465348
1786,Cell-Phone,869,861,6058648
1787,Work,773,861,6951138
1788,Cell-Phone,566,862,4519884
1789,Cell-Phone,562,863,6970174
1790,Work,100,863,5519931
1791,Work,263,864,6747139
1792,Cell-Phone,611,865,2070976
1793,Home,493,865,6142925
1794,Cell-Phone,753,866,9221251
1795,Work,599,866,2623891
1796,Cell-Phone,156,867,9904734
1797,Home,480,867,3992911
1798,Cell-Phone,572,868,8726675
1799,Work,932,868,2578479
1800,Cell-Phone,785,869,1716879
1801,Home,547,869,4462676
1802,Cell-Phone,131,870,3171518
1803,Work,198,870,6273502
1804,Cell-Phone,485,871,3040029
1805,Home,145,871,5060145
1806,Cell-Phone,200,872,5262666
1807,Work,436,872,4822868
1808,Cell-Phone,799,873,5858288
1809,Home,728,873,9833433
1810,Work,877,873,8195507
1811,Cell-Phone,446,874,4171884
1812,Home,161,874,6036586
1813,Work,492,874,1919580
1814,Cell-Phone,318,875,4073334
1815,Home,783,875,5918077
1816,Work,768,875,1535458
1817,Cell-Phone,964,876,7262215
1818,Work,402,876,6516655
1819,Cell-Phone,972,877,9375922
1820,Work,975,877,1513750
1821,Cell-Phone,699,878,8964652
1822,Work,636,878,9384380
1823,Cell-Phone,774,879,7363169
1824,Home,408,879,7890878
1825,Cell-Phone,626,880,2880290
1826,Home,959,880,8519998
1827,Cell-Phone,471,881,3993025
1828,Cell-Phone,968,882,2082262
1829,Home,541,882,6683252
1830,Cell-Phone,146,883,8261049
1831,Work,828,883,4792638
1832,Cell-Phone,360,884,9540551
1833,Home,513,884,2131327
1834,Work,302,884,3108598
1835,Cell-Phone,139,885,7771175
1836,Home,413,885,8499432
1837,Work,729,885,6425024
1838,Cell-Phone,740,886,6507982
1839,Work,822,886,4260682
1840,Cell-Phone,762,887,3657049
1841,Home,109,887,8817428
1842,Work,151,887,8022646
1843,Cell-Phone,521,888,8604447
1844,Home,843,888,2912521
1845,Work,517,888,1429744
1846,Cell-Phone,336,889,4499484
1847,Home,694,889,5426583
1848,Cell-Phone,267,890,9287637
1849,Home,305,890,6462294
1850,Work,115,890,1825549
1851,Cell-Phone,704,891,4485776
1852,Work,645,891,4578243
1853,Cell-Phone,108,892,4220748
1854,Home,853,892,5205515
1855,Work,131,892,1639605
1856,Cell-Phone,304,893,6214618
1857,Work,173,893,5850760
1858,Cell-Phone,465,894,8859521
1859,Work,513,894,9685046
1860,Cell-Phone,586,895,5226792
1861,Work,504,895,4877687
1862,Cell-Phone,695,896,4641164
1863,Home,908,896,8919403
1864,Cell-Phone,705,897,1514680
1865,Work,331,897,1052795
1866,Cell-Phone,786,898,6631035
1867,Work,674,898,3752354
1868,Cell-Phone,925,899,1505049
1869,Cell-Phone,336,900,5312531
1870,Home,154,900,4817732
1871,Work,492,900,2032282
1872,Cell-Phone,433,901,8293574
1873,Work,396,901,8661865
1874,Cell-Phone,135,902,5692811
1875,Cell-Phone,590,903,7256958
1876,Work,543,903,7815916
1877,Cell-Phone,856,904,3980578
1878,Home,316,904,6616134
1879,Work,809,904,9037313
1880,Cell-Phone,405,905,2940354
1881,Home,610,905,8497960
1882,Work,569,905,4089837
1883,Cell-Phone,365,906,9212424
1884,Home,314,906,6746210
1885,Cell-Phone,704,907,7015716
1886,Home,906,907,9623914
1887,Work,715,907,4908705
1888,Cell-Phone,903,908,5384006
1889,Work,172,908,4593393
1890,Cell-Phone,193,909,7690070
1891,Home,132,909,4810108
1892,Work,356,909,5985553
1893,Cell-Phone,447,910,2612908
1894,Home,974,910,9373200
1895,Cell-Phone,532,911,6902012
1896,Work,764,911,8624579
1897,Cell-Phone,662,912,2881945
1898,Work,535,912,5145330
1899,Cell-Phone,519,913,8058817
1900,Work,873,913,2323815
1901,Cell-Phone,278,914,6281248
1902,Home,180,914,2463349
1903,Work,272,914,3410221
1904,Cell-Phone,963,915,9646693
1905,Cell-Phone,548,916,4441321
1906,Work,618,916,9611432
1907,Cell-Phone,927,917,4200428
1908,Home,753,917,8976727
1909,Work,549,917,6142514
1910,Cell-Phone,610,918,2989312
1911,Work,408,918,2092742
1912,Cell-Phone,177,919,6250466
1913,Work,698,919,6111794
1914,Cell-Phone,381,920,8383680
1915,Home,937,920,1538251
1916,Work,925,920,5433212
1917,Cell-Phone,306,921,3024597
1918,Home,555,921,6653833
1919,Work,861,921,2122774
1920,Cell-Phone,583,922,1757708
1921,Work,153,922,2173714
1922,Cell-Phone,388,923,5967894
1923,Cell-Phone,832,924,8169702
1924,Work,938,924,2741169
1925,Cell-Phone,476,925,5481102
1926,Cell-Phone,425,926,6104193
1927,Home,829,926,4853783
1928,Work,649,926,2934621
1929,Cell-Phone,968,927,5386158
1930,Work,434,927,7341027
1931,Cell-Phone,962,928,6735830
1932,Work,880,928,6389246
1933,Cell-Phone,950,929,9297243
1934,Home,827,929,3470145
1935,Work,909,929,9742259
1936,Cell-Phone,362,930,8115120
1937,Home,428,930,4327721
1938,Work,154,930,6101051
1939,Cell-Phone,683,931,8439184
1940,Work,920,931,4308576
1941,Cell-Phone,369,932,4957039
1942,Home,783,932,4995995
1943,Work,793,932,5960425
1944,Cell-Phone,704,933,1353954
1945,Work,295,933,5789581
1946,Cell-Phone,762,934,8949374
1947,Cell-Phone,714,935,1658456
1948,Work,789,935,2660855
1949,Cell-Phone,248,936,2951132
1950,Cell-Phone,716,937,9686727
1951,Home,682,937,2319147
1952,Cell-Phone,332,938,9098747
1953,Home,733,938,5091047
1954,Work,798,938,6582702
1955,Cell-Phone,638,939,7546103
1956,Work,291,939,4956448
1957,Cell-Phone,133,940,5399549
1958,Home,730,940,9576065
1959,Work,247,941,7264817
1960,Cell-Phone,316,942,7224796
1961,Work,725,942,9250587
1962,Cell-Phone,342,943,4994819
1963,Home,865,943,5777549
1964,Work,129,943,2480082
1965,Cell-Phone,247,944,8524696
1966,Cell-Phone,158,945,4798009
1967,Home,210,945,1803931
1968,Work,726,945,9489688
1969,Cell-Phone,221,946,6136514
1970,Cell-Phone,738,947,4148729
1971,Work,179,947,1428780
1972,Cell-Phone,501,948,9637323
1973,Home,672,948,4153314
1974,Work,521,948,6315872
1975,Cell-Phone,160,949,1942393
1976,Work,241,949,3164084
1977,Home,760,950,5579463
1978,Work,654,950,9300410
1979,Cell-Phone,650,951,3726354
1980,Home,536,951,9034795
1981,Work,465,951,2522566
1982,Cell-Phone,830,952,4303997
1983,Work,476,952,2846613
1984,Cell-Phone,695,953,4265891
1985,Home,101,953,9100766
1986,Work,950,953,3159532
1987,Cell-Phone,254,954,4318674
1988,Home,359,954,8992375
1989,Work,978,954,1402685
1990,Cell-Phone,449,955,6562670
1991,Work,232,955,6876979
1992,Cell-Phone,775,956,8490874
1993,Cell-Phone,450,957,4908847
1994,Home,400,957,9049947
1995,Cell-Phone,802,958,7918423
1996,Home,122,958,8060688
1997,Work,624,958,6693214
1998,Cell-Phone,634,959,3584269
1999,Work,122,959,1431477
2000,Cell-Phone,310,960,5613883
2001,Home,201,960,3061291
2002,Work,751,960,6056734
2003,Cell-Phone,188,961,3644360
2004,Work,254,961,3067137
2005,Cell-Phone,473,962,8015006
2006,Home,333,962,4042278
2007,Work,612,962,7655005
2008,Cell-Phone,982,963,9898369
2009,Work,570,963,5958540
2010,Cell-Phone,135,964,8573539
2011,Cell-Phone,357,965,2464169
2012,Work,117,965,4592460
2013,Cell-Phone,618,966,8507109
2014,Home,320,966,3241739
2015,Cell-Phone,307,967,6953290
2016,Home,141,967,4695864
2017,Work,893,967,9691217
2018,Cell-Phone,751,968,3141091
2019,Home,657,968,9761268
2020,Cell-Phone,522,969,5327632
2021,Home,457,969,8902399
2022,Work,772,969,3925742
2023,Cell-Phone,430,970,4080373
2024,Cell-Phone,350,971,7730890
2025,Work,727,971,5914194
2026,Cell-Phone,805,972,5976743
2027,Home,236,972,7161495
2028,Work,474,972,6114311
2029,Cell-Phone,338,973,9613558
2030,Work,281,973,1637057
2031,Cell-Phone,501,974,9401523
2032,Home,611,974,4739520
2033,Work,513,974,5906081
2034,Cell-Phone,684,975,4239257
2035,Home,118,975,8086105
2036,Work,911,975,1359814
2037,Cell-Phone,213,976,7799815
2038,Home,444,976,8072663
2039,Work,725,976,8493877
2040,Cell-Phone,814,977,7572525
2041,Home,189,977,9433809
2042,Work,916,977,1202308
2043,Cell-Phone,722,978,2257767
2044,Home,627,978,8508581
2045,Work,680,978,3991077
2046,Cell-Phone,727,979,7178575
2047,Work,509,979,3261544
2048,Cell-Phone,603,980,6618661
2049,Work,885,980,4587049
2050,Cell-Phone,584,981,6233883
2051,Work,195,981,8291027
2052,Cell-Phone,133,982,7291440
2053,Work,153,982,8544154
2054,Cell-Phone,404,983,9170949
2055,Cell-Phone,559,984,2901726
2056,Home,164,984,1201050
2057,Work,554,984,2909935
2058,Cell-Phone,882,985,7891124
2059,Work,935,985,2802452
2060,Cell-Phone,643,986,1019733
2061,Cell-Phone,713,987,5947295
2062,Work,603,987,2661070
2063,Cell-Phone,984,988,3354433
2064,Home,194,988,8705733
2065,Work,998,988,7075639
2066,Cell-Phone,916,989,9954675
2067,Cell-Phone,125,990,5555586
2068,Cell-Phone,315,991,7274644
2069,Work,569,991,4118436
2070,Cell-Phone,630,992,9565252
2071,Work,914,992,7858696
2072,Cell-Phone,871,993,5100110
2073,Cell-Phone,281,994,4918104
2074,Home,597,994,8967953
2075,Work,644,994,1848850
2076,Cell-Phone,499,995,7111417
2077,Home,456,995,5377814
2078,Work,929,995,5456545
2079,Cell-Phone,511,996,9073315
2080,Home,121,996,7132260
2081,Work,878,996,3319664
2082,Cell-Phone,273,997,7281271
2083,Home,311,997,3454648
2084,Cell-Phone,220,998,9111306
2085,Work,266,998,4238899
2086,Cell-Phone,470,999,4182608
2087,Work,290,999,4238165
2088,Cell-Phone,952,1000,9764138
2089,Home,851,1000,9554193
